INSERT INTO promo.chains (id, name)
VALUES (1, 'Chain 1'),
       (2, 'Chain 2');

SELECT SETVAL('promo.chains_id_seq', (SELECT MAX(id) FROM promo.chains));

INSERT INTO promo.categories (code, name)
VALUES (191116, 'Category 01'),
       (191123, 'Category 02');

INSERT INTO promo.products (material_code, material_desc_rus, category_code)
VALUES
(70148900,	'Product description 0001',	191116),
(70163200,	'Product description 0002',	191123),
(70168300,	'Product description 0003',	191123),
(70168500,	'Product description 0004',	191123),
(70168600,	'Product description 0005',	191123);

INSERT INTO promo.prices (id, material_code, chain_id, regular_price_per_unit)
VALUES (1, 70148900, 1, 93.79),
       (2, 70163200, 1, 78.835),
       (3, 70168300, 1, 94.145),
       (4, 70168500, 1, 100),
       (5, 70168600, 1, 203),
       (6, 70148900, 2, 93.8),
       (7, 70163200, 2, 63.835),
       (8, 70168300, 2, 95.001),
       (9, 70168500, 2, 100.18);

SELECT SETVAL('promo.prices_id_seq', (SELECT MAX(id) FROM promo.prices));

INSERT INTO promo.customers (ship_code, ship_name, chain_id)
VALUES
    (5520898, 'Chain 1 00001', 1),
    (5471692, 'Chain 1 00002', 1),
    (5471700, 'Chain 1 00003', 1),
    (5520888, 'Chain 1 00004', 1),
    (5528925, 'Chain 1 00005', 1),
    (5520897, 'Chain 1 00006', 1),
    (5528923, 'Chain 1 00007', 1),
    (5517876, 'Chain 1 00008', 1),
    (5527476, 'Chain 1 00009', 1),
    (5528921, 'Chain 1 00010', 1),
    (5516906, 'Chain 1 00011', 1),
    (5528920, 'Chain 1 00012', 1),
    (5471685, 'Chain 1 00013', 1);

INSERT INTO promo.actuals (date, material_code, ship_code, quantity, actual_sales_value)
VALUES
    ('2021-02-25', 70148900, 5520898, 24, 2250.96),
    ('2021-03-25', 70148900, 5520898, 12, 1125.48),
    ('2021-04-15', 70148900, 5520898, 12, 1125.48),
    ('2020-12-30', 70163200, 5471692, 1056, 25618.56),
    ('2021-01-16', 70163200, 5471692, 4944, 89980.8),
    ('2020-12-28', 70163200, 5471700, 3168, 76855.68),
    ('2021-01-21', 70163200, 5471700, 8208, 149385.6),
    ('2021-01-30', 70163200, 5471700, 3168, 57657.6),
    ('2021-02-15', 70163200, 5471700, 4224, 76876.8),
    ('2021-02-26', 70163200, 5471700, 1056, 19219.2),
    ('2021-03-12', 70163200, 5471700, 1056, 19219.2),
    ('2021-03-22', 70163200, 5471700, 8064, 145313.28),
    ('2021-03-23', 70168300, 5471700, 1056, 19029.12),
    ('2021-03-29', 70168300, 5471700, 6912, 124554.24),
    ('2021-04-01', 70168300, 5471700, 2112, 38058.24),
    ('2021-04-19', 70168300, 5471700, 1056, 19029.12),
    ('2021-04-24', 70168300, 5471700, 1056, 19029.12);

